No,App Name
1,MyChart
2,Full Code Medical Simulation
3,WebMD: Symptom Checker
4,Teach Me Anatomy
5,Medscape
6,Medical Pocket Prep
7,Ada – check your health
8,EasyMD
9,Flo Period & Pregnancy Tracker
10,healow
11,CVS/pharmacy
12,Hello Bacsi - Trợ lý sức khỏe
13,Walgreens
14,Elevate - Brain Training Games
15,Period Calendar Period Tracker
16,Osmosis Med Videos & Notes
17,Sydney Health
18,MyTherapy Pill Reminder
19,MyID – Medical ID Profile
20,Clue Period Tracker & Calendar
21,GoodRx: Prescription Coupons
22,PulsePoint Respond
23,"Angry Pill Box&Reminder, Pillo"
24,Anatomy Learning - 3D Anatomy
25,mySugr - Diabetes Tracker Log
26,Kaiser Permanente
27,myPhonak
28,VA: Health and Benefits
29,CSL Plasma
30,MyQuest for Patients
31,Samsung Health
32,Google Fit: Activity Tracking
33,Health Connect
34,Fitbit
35,MyFitnessPal: Calorie Counter
36,Step Tracker - Pedometer
37,My Health
38,Welltory: Heart Rate Monitor
39,Finch: Self-Care Pet
40,Symptom & Mood Tracker
41,Hinge Health
42,Home Workout - No Equipment
43,Renpho Health
44,"Strava: Run, Bike, Hike"
45,Personal Health Monitor
46,Cardi Health: Heart Monitoring
47,Healthify: AI Diet & Fitness
48,"Calm - Sleep, Meditate, Relax"
49,Health Sync
50,Step Counter - Pedometer
51,BetterMe: Mental Health
52,Garmin Connect™
53,Calorie Counter - MyNetDiary
54,"AllTrails: Hike, Bike & Run"
55,Healthy Minds Program
56,WeightWatchers Program
57,MyKetoBrain
58,Daylio Journal - Mood Tracker
59,Medisafe Pill & Med Reminder
60,Drugs.com Medication Guide
61,TATA 1mg Online Healthcare App
62,PharmEasy - Healthcare App
63,MedPlus Mart - Online Pharmacy
64,Heart's Medicine - Doctor Game
65,"MediBuddy-Online Dr, Lab, Meds"
66,5 Minute Emergency Medicine
67,Signia App
68,23andMe - DNA Testing
69,Central Hospital Stories
70,Happy Hospital®: ASMR Game
71,Pepi Hospital: Learn & Care
72,Operate Now Hospital - Surgery
73,Zocdoc - Find and book doctors
74,Doctor Clinic - Hospital Games
75,Doctor Kids
76,Happy Doctor: Clinic Game
77,Doctor On Demand
78,Doctor Games for kids
79,Hospital Frenzy: Doctor Games
80,Happy Clinic: Hospital Game
81,Practo: Doctor Appointment App
82,Doctor Anywhere - Telehealth
83,Little Fox Animal Doctor
84,My Hospital Town Doctor Games
85,Heart's Medicine - Season One
86,Hospital Story:Clinic Game
87,Clinic Mania: Hospital Sim
88,Doctor 911 Hospital Simulator
89,My City : Hospital
90,Doctor Kids 2
91,Merge Hospital by Operate Now
92,Hospital Dash: Hospital Games
93,Heart's Medicine: Time to Heal
94,Dream Hospital: Doctor Tycoon
95,Pepi Doctor
96,Fun Hospital – Tycoon is Back
97,My Town Hospital - Doctor game
98,My Hospital: Build. Farm. Heal
99,Heart's Medicine Hospital Heat
100,Yasa Pets Hospital
101,Crazy Hospital®️
102,Miga Town: My Hospital
103,Happy Hospital Games for Kids
104,Doctor: Hospital Laboratory
105,Little Hospital
106,Family Hospital: Match 3 Story
107,Hospital Fever: Super Stylist
108,Hospital Empire Tycoon - Idle
109,Pepi Hospital 2: Flu Clinic
110,Hospital Rush: Doctor ASMR
111,Workout for Women: Fit at Home
112,Planet Fitness Workouts
113,Lose Weight App for Men
114,Six Pack in 30 Days
115,Lose Weight App for Women
116,Hevy - Gym Log Workout Tracker
117,FitOn Workouts & Fitness Plans
118,Nike Run Club - Running Coach
119,Lose Weight - Weight Loss App
120,Muscle Booster – Plan Workouts
121,Pilates Workout at Home
122,Nike Training Club: Fitness
123,Peloton - Fitness & Workouts
124,adidas Running: Run Tracker
125,Seven - 7 Minute Workout
126,Mi Fitness (Xiaomi Wear)
127,Lose Belly Fat  - Abs Workout
128,Teach Me Surgery
129,Pet Doctor Games for kids
130,Dr. Sara: Disease Detective
131,HealthTap - Online Doctors
132,Pet Doctor Care games for kids
